Song,Artist,Genre,Image_URL,Mood
나는 반딧불,황가람,Ballad,https://cdnimg.melon.co.kr/cm2/album/images/116/20/541/11620541_20241018183253_500.jpg/melon/resize/120/quality/80/optimize,Sad
내게 사랑이 뭐냐고 물어본다면,로이킴,Ballad,https://cdnimg.melon.co.kr/cm2/album/images/116/16/312/11616312_20241015135802_500.jpg/melon/resize/120/quality/80/optimize,Sad
소나기,이클립스 (ECLIPSE),Ballad,https://cdnimg.melon.co.kr/cm2/album/images/114/59/325/11459325_20240405171054_500.jpg/melon/resize/120/quality/80/optimize,Sad
천상연,이창섭,Ballad,https://cdnimg.melon.co.kr/cm2/album/images/114/21/941/11421941_20240220105008_500.jpg/melon/resize/120/quality/80/optimize,Sad
슬픈 초대장,순순희(지환),Ballad,https://cdnimg.melon.co.kr/cm2/album/images/113/86/568/11386568_20231218192452_500.jpg/melon/resize/120/quality/80/optimize,Sad
"어떻게 이별까지 사랑하겠어, 널 사랑하는 거지",AKMU (악뮤),Ballad,https://cdnimg.melon.co.kr/cm2/album/images/103/31/947/10331947_500.jpg/melon/resize/120/quality/80/optimize,Sad
Love wins all,아이유,Ballad,https://cdnimg.melon.co.kr/cm2/album/images/114/04/142/11404142_20240220141548_500.jpg/melon/resize/120/quality/80/optimize,Sad
첫 눈,EXO,Ballad,https://cdnimg.melon.co.kr/cm/album/images/022/19/671/2219671_500.jpg/melon/resize/120/quality/80/optimize,Sad
너의 모든 순간,성시경,Ballad,https://cdnimg.melon.co.kr/cm/album/images/022/32/505/2232505_500.jpg/melon/resize/120/quality/80/optimize,Sad
그대만 있다면 (여름날 우리 X 너드커넥션 (Nerd Connection)),너드커넥션 (Nerd Connection),Ballad,https://cdnimg.melon.co.kr/cm2/album/images/113/05/759/11305759_20230814111006_500.jpg/melon/resize/120/quality/80/optimize,Sad
비의 랩소디,임재현,Ballad,https://cdnimg.melon.co.kr/cm2/album/images/113/76/816/11376816_20231201120653_500.jpg/melon/resize/120/quality/80/optimize,Sad
미안해 미워해 사랑해,Crush,Ballad,https://cdnimg.melon.co.kr/cm2/album/images/114/49/278/11449278_20240322170237_500.jpg/melon/resize/120/quality/80/optimize,Sad
number one girl,로제 (ROSÉ),Ballad,https://cdnimg.melon.co.kr/cm2/album/images/116/48/244/11648244_20241122102042_500.jpg/melon/resize/120/quality/80/optimize,Sad
헤어지자 말해요,박재정,Ballad,https://cdnimg.melon.co.kr/cm2/album/images/112/27/533/11227533_20230419162238_500.jpg/melon/resize/120/quality/80/optimize,Sad
사랑은 늘 도망가,임영웅,Ballad,https://cdnimg.melon.co.kr/cm2/album/images/107/35/654/10735654_20211008114339_500.jpg/melon/resize/120/quality/80/optimize,Sad
눈이 오잖아(Feat.헤이즈),이무진,Ballad,https://cdnimg.melon.co.kr/cm2/album/images/108/01/677/10801677_20211202181813_500.jpg/melon/resize/120/quality/80/optimize,Sad
인사,범진,Ballad,https://cdnimg.melon.co.kr/cm2/album/images/108/21/699/10821699_20231205103724_500.jpg/melon/resize/120/quality/80/optimize,Sad
"모든 날, 모든 순간 (Every day, Every Moment)",폴킴,Ballad,https://cdnimg.melon.co.kr/cm/album/images/101/49/492/10149492_500.jpg/melon/resize/120/quality/80/optimize,Sad
다정히 내 이름을 부르면,경서예지,Ballad,https://cdnimg.melon.co.kr/cm2/album/images/106/10/525/10610525_20210518143433_500.jpg/melon/resize/120/quality/80/optimize,Sad
청혼하지 않을 이유를 못 찾았어,전건호,Ballad,https://cdnimg.melon.co.kr/cm2/album/images/114/55/285/11455285_20240401151801_500.jpg/melon/resize/120/quality/80/optimize,Sad
살기 위해서,이무진,Ballad,https://cdnimg.melon.co.kr/cm2/album/images/109/29/042/10929042_20220422022623_500.jpg/melon/resize/120/quality/80/optimize,Sad
사랑인가 봐,순순희,Ballad,https://cdnimg.melon.co.kr/cm2/album/images/108/71/162/10871162_20220217162422_500.jpg/melon/resize/120/quality/80/optimize,Sad
취중고백,멜로망스,Ballad,https://cdnimg.melon.co.kr/cm2/album/images/108/16/959/10816959_20211217144957_500.jpg/melon/resize/120/quality/80/optimize,Sad
사막에서 꽃을 피우듯,김민석,Ballad,https://cdnimg.melon.co.kr/cm2/album/images/112/85/867/11285867_20230713162404_500.jpg/melon/resize/120/quality/80/optimize,Sad
우리들의 블루스,우디 (Woody),Ballad,https://cdnimg.melon.co.kr/cm2/album/images/109/23/444/10923444_20220502140600_500.jpg/melon/resize/120/quality/80/optimize,Sad
가까운 듯 먼 그대여,임영웅,Ballad,https://cdnimg.melon.co.kr/cm2/album/images/106/92/255/10692255_20210825184324_500.jpg/melon/resize/120/quality/80/optimize,Sad
온기,카더가든,Ballad,https://cdnimg.melon.co.kr/cm2/album/images/114/81/211/11481211_20240503151321_500.jpg/melon/resize/120/quality/80/optimize,Sad
HERO (From the Film “소방관”),임영웅,Ballad,https://cdnimg.melon.co.kr/cm2/album/images/116/65/940/11665940_20241216103331_500.jpg/melon/resize/120/quality/80/optimize,Sad
모래 알갱이,박효신,Ballad,https://cdnimg.melon.co.kr/cm2/album/images/112/58/233/11258233_20230605094802_500.jpg/melon/resize/120/quality/80/optimize,Sad
눈사람,임영웅,Ballad,https://cdnimg.melon.co.kr/cm/album/images/101/36/251/10136251_500.jpg/melon/resize/120/quality/80/optimize,Sad
From,정승환,Ballad,https://cdnimg.melon.co.kr/cm2/album/images/114/27/101/11427101_20240223153059_500.jpg/melon/resize/120/quality/80/optimize,Sad
다시 만날 수 있을까,PLAVE,Ballad,https://cdnimg.melon.co.kr/cm2/album/images/109/23/444/10923444_20220502140600_500.jpg/melon/resize/120/quality/80/optimize,Sad
내가 널 지켜줄게,임영웅,Ballad,https://cdnimg.melon.co.kr/cm2/album/images/116/82/149/11682149_20241231140751_500.jpg/melon/resize/120/quality/80/optimize,Sad
인생찬가,폴킴,Ballad,https://cdnimg.melon.co.kr/cm2/album/images/109/23/444/10923444_20220502140600_500.jpg/melon/resize/120/quality/80/optimize,Sad
LAST DANCE,임영웅,Ballad,https://cdnimg.melon.co.kr/cm/album/images/100/22/709/10022709_500.jpg/melon/resize/120/quality/80/optimize,Sad
크리스마스니까,BIGBANG (빅뱅),Ballad,https://cdnimg.melon.co.kr/cm/album/images/021/68/409/2168409_500.jpg/melon/resize/120/quality/80/optimize,Sad
첫눈처럼 너에게 가겠다,성시경,Ballad,https://cdnimg.melon.co.kr/cm/album/images/100/29/181/10029181_500.jpg/melon/resize/120/quality/80/optimize,Sad
오래된 노래,박효신,Ballad,https://cdnimg.melon.co.kr/cm2/album/images/115/13/169/11513169_20240614150349_500.jpg/melon/resize/120/quality/80/optimize,Sad
어른,이석훈,Ballad,https://cdnimg.melon.co.kr/cm/album/images/101/52/984/10152984_500.jpg/melon/resize/120/quality/80/optimize,Sad
희재,서인국,Ballad,https://cdnimg.melon.co.kr/cm/album/images/000/28/985/28985_500.jpg/melon/resize/120/quality/80/optimize,Sad
그리워하다,VIXX (빅스),Ballad,https://cdnimg.melon.co.kr/cm/album/images/101/02/658/10102658_500.jpg/melon/resize/120/quality/80/optimize,Sad
yours,에일리(Ailee),Ballad,https://cdnimg.melon.co.kr/cm/album/images/102/71/978/10271978_500.jpg/melon/resize/120/quality/80/optimize,Sad
"잘 지내자, 우리 (여름날 우리 X 로이킴)",허각,Ballad,https://cdnimg.melon.co.kr/cm2/album/images/112/80/645/11280645_20230705152407_500.jpg/melon/resize/120/quality/80/optimize,Sad
참다행이야,임한별,Ballad,https://cdnimg.melon.co.kr/cm/album/images/003/12/193/312193_500.jpg/melon/resize/120/quality/80/optimize,Sad
플러팅,이무진,Ballad,https://cdnimg.melon.co.kr/cm2/album/images/115/51/069/11551069_20240725152601_500.jpg/melon/resize/120/quality/80/optimize,Sad
꿈,이진성 (먼데이 키즈),Ballad,https://cdnimg.melon.co.kr/cm2/album/images/113/85/577/11385577_20231215144114_500.jpg/melon/resize/120/quality/80/optimize,Sad
그대가 내 안에 박혔다(그내박),김희재,Ballad,https://cdnimg.melon.co.kr/cm2/album/images/111/54/218/11154218_20230120135907_500.jpg/melon/resize/120/quality/80/optimize,Sad
너였다면,#안녕,Ballad,https://cdnimg.melon.co.kr/cm/album/images/026/87/963/2687963_500.jpg/melon/resize/120/quality/80/optimize,Sad
늦은 밤 너의 집 앞 골목길에서,Sondia,Ballad,https://cdnimg.melon.co.kr/cm2/album/images/103/48/811/10348811_500.jpg/melon/resize/120/quality/80/optimize,Sad
밤편지,성시경,Ballad,https://cdnimg.melon.co.kr/cm/album/images/100/47/890/10047890_500.jpg/melon/resize/120/quality/80/optimize,Sad
사랑하지 않아서 그랬어,비투비,Ballad,https://cdnimg.melon.co.kr/cm2/album/images/112/15/072/11215072_20230331123824_500.jpg/melon/resize/120/quality/80/optimize,Sad
해요 (2022),데이먼스 이어 (Damons year),Ballad,https://cdnimg.melon.co.kr/cm2/album/images/109/75/276/10975276_20220603165713_500.jpg/melon/resize/120/quality/80/optimize,Sad
응급실,로이킴,Ballad,https://cdnimg.melon.co.kr/cm/album/images/000/48/736/48736_500.jpg/melon/resize/120/quality/80/optimize,Sad
물론,에스파파(S.Papa.),Ballad,https://cdnimg.melon.co.kr/cm2/album/images/112/33/031/11233031_20230427140957_500.jpg/melon/resize/120/quality/80/optimize,Sad
선물,황인욱,Ballad,https://cdnimg.melon.co.kr/cm/album/images/100/78/176/10078176_500.jpg/melon/resize/120/quality/80/optimize,Sad
거리에서,태연 (TAEYEON),Ballad,https://cdnimg.melon.co.kr/cm/album/images/003/28/396/328396_500.jpg/melon/resize/120/quality/80/optimize,Sad
다시 사랑한다면 (니글니글 버터플라이),순순희(기태),Ballad,https://cdnimg.melon.co.kr/cm/album/images/026/68/301/2668301_500.jpg/melon/resize/120/quality/80/optimize,Sad
별 떨어진다 (I Do),정승환,Ballad,https://cdnimg.melon.co.kr/cm2/album/images/113/23/044/11323044_20230918120653_500.jpg/melon/resize/120/quality/80/optimize,Sad
밤하늘의 별을(2020),노을,Ballad,https://cdnimg.melon.co.kr/cm2/album/images/105/18/234/10518234_20210216102853_500.jpg/melon/resize/120/quality/80/optimize,Sad
너를 만나,아이유,Ballad,https://cdnimg.melon.co.kr/cm/album/images/102/17/134/10217134_500.jpg/melon/resize/120/quality/80/optimize,Sad
사랑할 수밖에,임한별,Ballad,https://cdnimg.melon.co.kr/cm2/album/images/113/82/496/11382496_20231211180054_500.jpg/melon/resize/120/quality/80/optimize,Sad
봄이 와도,#안녕,Ballad,https://cdnimg.melon.co.kr/cm2/album/images/114/32/045/11432045_20240305101337_500.jpg/melon/resize/120/quality/80/optimize,Sad
봄눈,izi,Ballad,https://cdnimg.melon.co.kr/cm2/album/images/114/87/566/11487566_20240513144509_500.jpg/melon/resize/120/quality/80/optimize,Sad
그랬나봐,허각,Ballad,https://cdnimg.melon.co.kr/cm2/album/images/114/80/740/11480740_20240503112506_500.jpg/melon/resize/120/quality/80/optimize,Sad
사랑..그게 뭔데,멜로망스,Ballad,https://cdnimg.melon.co.kr/cm2/album/images/112/42/411/11242411_20230511140611_500.jpg/melon/resize/120/quality/80/optimize,Sad
너의 번호를 누르고 (Prod. 영화처럼),성시경,Ballad,https://cdnimg.melon.co.kr/cm2/album/images/103/59/126/10359126_500.jpg/melon/resize/120/quality/80/optimize,Sad
그대라는 시,김필,Ballad,https://cdnimg.melon.co.kr/cm/album/images/103/09/213/10309213_500.jpg/melon/resize/120/quality/80/optimize,Sad
달랐을까,도경수(D.O.),Ballad,https://cdnimg.melon.co.kr/cm2/album/images/116/13/772/11613772_20241011150204_500.jpg/melon/resize/120/quality/80/optimize,Sad
취기를 빌려 (취향저격 그녀 X 산들),경서,Ballad,https://cdnimg.melon.co.kr/cm2/album/images/104/63/600/10463600_20200720152905_500.jpg/melon/resize/120/quality/80/optimize,Sad
To Heaven (천국으로 보낸 편지),폴킴,Ballad,https://cdnimg.melon.co.kr/cm2/album/images/116/16/599/11616599_20241015164103_500.jpg/melon/resize/120/quality/80/optimize,Sad
소녀,볼빨간사춘기,Ballad,https://cdnimg.melon.co.kr/cm/album/images/026/52/150/2652150_500.jpg/melon/resize/120/quality/80/optimize,Sad
"기다린 만큼, 더",로이킴,Ballad,https://cdnimg.melon.co.kr/cm/album/images/026/90/838/2690838_500.jpg/melon/resize/120/quality/80/optimize,Sad
All For You,10CM,Ballad,https://cdnimg.melon.co.kr/cm/album/images/021/48/020/2148020_500.jpg/melon/resize/120/quality/80/optimize,Sad
그때 헤어지면 돼,유회승 (엔플라잉),Ballad,https://cdnimg.melon.co.kr/cm/album/images/101/37/574/10137574_500.jpg/melon/resize/120/quality/80/optimize,Sad
이 사랑,지아,Ballad,https://cdnimg.melon.co.kr/cm/album/images/026/69/778/2669778_500.jpg/melon/resize/120/quality/80/optimize,Sad
아로하,#안녕,Ballad,https://cdnimg.melon.co.kr/cm2/album/images/104/09/054/10409054_20200326163459_500.jpg/melon/resize/120/quality/80/optimize,Sad
이별하러 가는 길,태연 (TAEYEON),Ballad,https://cdnimg.melon.co.kr/cm/album/images/102/03/965/10203965_500.jpg/melon/resize/120/quality/80/optimize,Sad
좋니,PLAVE,Ballad,https://cdnimg.melon.co.kr/cm/album/images/100/73/513/10073513_500.jpg/melon/resize/120/quality/80/optimize,Sad
사랑은 언제나 걸음이 느려서,산들,Ballad,https://cdnimg.melon.co.kr/cm2/album/images/116/84/607/11684607_20250103132552_500.jpg/melon/resize/120/quality/80/optimize,Sad
가을 안부,허각,Ballad,https://cdnimg.melon.co.kr/cm/album/images/101/02/177/10102177_500.jpg/melon/resize/120/quality/80/optimize,Sad
솔직하게 말해서 나,오혁,Ballad,https://cdnimg.melon.co.kr/cm/album/images/102/94/763/10294763_500.jpg/melon/resize/120/quality/80/optimize,Sad
기억해줘요 내 모든 날과 그때를,검정치마,Ballad,https://cdnimg.melon.co.kr/cm/album/images/103/14/289/10314289_500.jpg/melon/resize/120/quality/80/optimize,Sad
광화문에서 (At Gwanghwamun),서인국,Ballad,https://cdnimg.melon.co.kr/cm/album/images/022/90/324/2290324_500.jpg/melon/resize/120/quality/80/optimize,Sad
그때가 좋았어,정은지,Ballad,https://cdnimg.melon.co.kr/cm/album/images/102/37/420/10237420_500.jpg/melon/resize/120/quality/80/optimize,Sad
거짓말의 반대말만 할게요,로이킴,Ballad,https://cdnimg.melon.co.kr/cm2/album/images/116/62/149/11662149_20241209152406_500.jpg/melon/resize/120/quality/80/optimize,Sad
안녕,다비치,Ballad,https://cdnimg.melon.co.kr/cm2/album/images/103/17/137/10317137_500.jpg/melon/resize/120/quality/80/optimize,Sad
나무,조정석,Ballad,https://cdnimg.melon.co.kr/cm/album/images/102/74/611/10274611_500.jpg/melon/resize/120/quality/80/optimize,Sad
Timeless,임한별,Ballad,https://cdnimg.melon.co.kr/cm/album/images/003/99/659/399659_500.jpg/melon/resize/120/quality/80/optimize,Sad
어디에도,윤종신,Ballad,https://cdnimg.melon.co.kr/cm/album/images/026/64/299/2664299_500.jpg/melon/resize/120/quality/80/optimize,Sad
아무렇지 않게,허각,Ballad,https://cdnimg.melon.co.kr/cm2/album/images/116/80/016/11680016_20241227152113_500.jpg/melon/resize/120/quality/80/optimize,Sad
시든 꽃에 물을 주듯,먼데이 키즈 (Monday Kiz),Ballad,https://cdnimg.melon.co.kr/cm/album/images/102/67/986/10267986_500.jpg/melon/resize/120/quality/80/optimize,Sad
봄 내음보다 너를,김나영,Ballad,https://cdnimg.melon.co.kr/cm2/album/images/105/92/109/10592109_20210413181735_500.jpg/melon/resize/120/quality/80/optimize,Sad
야생화,거미,Ballad,https://cdnimg.melon.co.kr/cm/album/images/022/44/822/2244822_500.jpg/melon/resize/120/quality/80/optimize,Sad
Say Yes,규현 (KYUHYUN),Ballad,https://cdnimg.melon.co.kr/cm/album/images/027/07/047/2707047_500.jpg/melon/resize/120/quality/80/optimize,Sad
이 소설의 끝을 다시 써보려 해,케이시 (Kassy),Ballad,https://cdnimg.melon.co.kr/cm/album/images/022/84/064/2284064_500.jpg/melon/resize/120/quality/80/optimize,Sad
사랑에 연습이 있었다면 (Prod. 2soo),이창섭,Ballad,https://cdnimg.melon.co.kr/cm/album/images/102/07/131/10207131_500.jpg/melon/resize/120/quality/80/optimize,Sad
고백,폴킴,Ballad,https://cdnimg.melon.co.kr/cm2/album/images/106/95/590/10695590_20210827162225_500.jpg/melon/resize/120/quality/80/optimize,Sad
그걸 사랑이라고 말하지마,카더가든,Ballad,https://cdnimg.melon.co.kr/cm2/album/images/116/45/314/11645314_20241119175111_500.jpg/melon/resize/120/quality/80/optimize,Sad
그날처럼,SG 워너비,Ballad,https://cdnimg.melon.co.kr/cm/album/images/101/15/186/10115186_500.jpg/melon/resize/120/quality/80/optimize,Sad
Hello,엠씨더맥스 (M.C the MAX),Ballad,https://cdnimg.melon.co.kr/cm/album/images/020/12/587/2012587_500.jpg/melon/resize/120/quality/80/optimize,Sad
APT.,로제 (ROSÉ),Dance,https://cdnimg.melon.co.kr/cm2/album/images/116/19/809/11619809_20241018103507_500.jpg/melon/resize/120/quality/80/optimize,Happy
Whiplash,Bruno Mars,Dance,https://cdnimg.melon.co.kr/cm2/album/images/116/20/540/11620540_20241018183208_500.jpg/melon/resize/120/quality/80/optimize,Happy
너와의 모든 지금,aespa,Dance,https://cdnimg.melon.co.kr/cm2/album/images/116/37/218/11637218_20241108150236_500.jpg/melon/resize/120/quality/80/optimize,Happy
UP (KARINA Solo),재쓰비 (JAESSBEE),Dance,https://cdnimg.melon.co.kr/cm2/album/images/116/10/170/11610170_20241008143002_500.jpg/melon/resize/120/quality/80/optimize,Happy
Supernova,aespa,Dance,https://cdnimg.melon.co.kr/cm2/album/images/114/87/023/11487023_20240527154018_500.jpg/melon/resize/120/quality/80/optimize,Happy
Mantra,aespa,Dance,https://cdnimg.melon.co.kr/cm2/album/images/116/12/674/11612674_20241010154851_500.jpg/melon/resize/120/quality/80/optimize,Happy
How Sweet,제니 (JENNIE),Dance,https://cdnimg.melon.co.kr/cm2/album/images/114/75/749/11475749_20240524105642_500.jpg/melon/resize/120/quality/80/optimize,Happy
DRIP,NewJeans,Dance,https://cdnimg.melon.co.kr/cm2/album/images/116/29/208/11629208_20241101103249_500.jpg/melon/resize/120/quality/80/optimize,Happy
첫 만남은 계획대로 되지 않아,BABYMONSTER,Dance,https://cdnimg.melon.co.kr/cm2/album/images/113/91/902/11391902_20240122132041_500.jpg/melon/resize/120/quality/80/optimize,Happy
나는 아픈 건 딱 질색이니까,TWS (투어스),Dance,https://cdnimg.melon.co.kr/cm2/album/images/114/02/655/11402655_20240129121016_500.jpg/melon/resize/120/quality/80/optimize,Happy
Supersonic,(여자)아이들,Dance,https://cdnimg.melon.co.kr/cm2/album/images/115/64/698/11564698_20240812100922_500.jpg/melon/resize/120/quality/80/optimize,Happy
Magnetic,프로미스나인,Dance,https://cdnimg.melon.co.kr/cm2/album/images/114/50/069/11450069_20240325110702_500.jpg/melon/resize/120/quality/80/optimize,Happy
오늘만 I LOVE YOU,아일릿(ILLIT),Dance,https://cdnimg.melon.co.kr/cm2/album/images/116/85/070/11685070_20250106111631_500.jpg/melon/resize/120/quality/80/optimize,Happy
Ditto,BOYNEXTDOOR,Dance,https://cdnimg.melon.co.kr/cm2/album/images/111/27/145/11127145_20231213133532_500.jpg/melon/resize/120/quality/80/optimize,Happy
Armageddon,NewJeans,Dance,https://cdnimg.melon.co.kr/cm2/album/images/114/87/023/11487023_20240527154018_500.jpg/melon/resize/120/quality/80/optimize,Happy
I AM,aespa,Dance,https://cdnimg.melon.co.kr/cm2/album/images/112/11/297/11211297_20230410151046_500.jpg/melon/resize/120/quality/80/optimize,Happy
클락션 (Klaxon),IVE (아이브),Dance,https://cdnimg.melon.co.kr/cm2/album/images/115/33/515/11533515_20240708112323_500.jpg/melon/resize/120/quality/80/optimize,Happy
Sticky,(여자)아이들,Dance,https://cdnimg.melon.co.kr/cm2/album/images/115/25/661/11525661_20240628155508_500.jpg/melon/resize/120/quality/80/optimize,Happy
Hype Boy,KISS OF LIFE,Dance,https://cdnimg.melon.co.kr/cm2/album/images/110/11/565/11011565_20220801102637_500.jpg/melon/resize/120/quality/80/optimize,Happy
해야 (HEYA),NewJeans,Dance,https://cdnimg.melon.co.kr/cm2/album/images/114/75/530/11475530_20240430093854_500.jpg/melon/resize/120/quality/80/optimize,Happy
Love 119,IVE (아이브),Dance,https://cdnimg.melon.co.kr/cm2/album/images/113/94/065/11394065_20240104151541_500.jpg/melon/resize/120/quality/80/optimize,Happy
Bubble Gum,RIIZE,Dance,https://cdnimg.melon.co.kr/cm2/album/images/114/75/749/11475749_20240524105642_500.jpg/melon/resize/120/quality/80/optimize,Happy
Seven (feat. Latto) - Clean Ver.,NewJeans,Dance,https://cdnimg.melon.co.kr/cm2/album/images/112/86/070/11286070_20230713181059_500.jpg/melon/resize/120/quality/80/optimize,Happy
Drama,정국,Dance,https://cdnimg.melon.co.kr/cm2/album/images/113/62/544/11362544_20231110142622_500.jpg/melon/resize/120/quality/80/optimize,Happy
네모네모,aespa,Dance,https://cdnimg.melon.co.kr/cm2/album/images/116/03/345/11603345_20240927114551_500.jpg/melon/resize/120/quality/80/optimize,Happy
Cherish (My Love),YENA (최예나),Dance,https://cdnimg.melon.co.kr/cm2/album/images/116/20/616/11620616_20241021095654_500.jpg/melon/resize/120/quality/80/optimize,Happy
Boom Boom Bass,아일릿(ILLIT),Dance,https://cdnimg.melon.co.kr/cm2/album/images/114/56/179/11456179_20240617152303_500.jpg/melon/resize/120/quality/80/optimize,Happy
Dynamite,RIIZE,Dance,https://cdnimg.melon.co.kr/cm2/album/images/104/79/150/10479150_20200918102847_500.jpg/melon/resize/120/quality/80/optimize,Happy
Home,방탄소년단,Dance,https://cdnimg.melon.co.kr/cm2/album/images/114/81/211/11481211_20240503151321_500.jpg/melon/resize/120/quality/80/optimize,Happy
Do or Die,임영웅,Dance,https://cdnimg.melon.co.kr/cm2/album/images/113/40/391/11340391_20231006154621_500.jpg/melon/resize/120/quality/80/optimize,Happy
ETA,임영웅,Dance,https://cdnimg.melon.co.kr/cm2/album/images/112/81/456/11281456_20230706180841_500.jpg/melon/resize/120/quality/80/optimize,Happy
파이팅 해야지 (Feat. 이영지),NewJeans,Dance,https://cdnimg.melon.co.kr/cm2/album/images/111/66/539/11166539_20230207143921_500.jpg/melon/resize/120/quality/80/optimize,Happy
Nice Guy,부석순 (SEVENTEEN),Dance,https://cdnimg.melon.co.kr/cm2/album/images/115/80/910/11580910_20240909111737_500.jpg/melon/resize/120/quality/80/optimize,Happy
Attention,BOYNEXTDOOR,Dance,https://cdnimg.melon.co.kr/cm2/album/images/110/11/565/11011565_20220801102637_500.jpg/melon/resize/120/quality/80/optimize,Happy
Super Shy,NewJeans,Dance,https://cdnimg.melon.co.kr/cm2/album/images/112/81/456/11281456_20230706180841_500.jpg/melon/resize/120/quality/80/optimize,Happy
별별별 (See that?),NewJeans,Dance,https://cdnimg.melon.co.kr/cm2/album/images/115/68/571/11568571_20240814180403_500.jpg/melon/resize/120/quality/80/optimize,Happy
Get A Guitar,NMIXX,Dance,https://cdnimg.melon.co.kr/cm2/album/images/113/09/832/11309832_20230904111501_500.jpg/melon/resize/120/quality/80/optimize,Happy
미리 메리 크리스마스 (Feat. 천둥 Of MBLAQ),RIIZE,Dance,https://cdnimg.melon.co.kr/cm/album/images/010/93/562/1093562_500.jpg/melon/resize/120/quality/80/optimize,Happy
LOVE DIVE,아이유,Dance,https://cdnimg.melon.co.kr/cm2/album/images/109/09/179/10909179_20220405103521_500.jpg/melon/resize/120/quality/80/optimize,Happy
붉은 노을,IVE (아이브),Dance,https://cdnimg.melon.co.kr/cm/album/images/004/05/351/405351_500.jpg/melon/resize/120/quality/80/optimize,Happy
내가 S면 넌 나의 N이 되어줘,BIGBANG (빅뱅),Dance,https://cdnimg.melon.co.kr/cm2/album/images/115/05/319/11505319_20240624143253_500.jpg/melon/resize/120/quality/80/optimize,Happy
Spicy,TWS (투어스),Dance,https://cdnimg.melon.co.kr/cm2/album/images/112/36/264/11236264_20230508184331_500.jpg/melon/resize/120/quality/80/optimize,Happy
퀸카 (Queencard),aespa,Dance,https://cdnimg.melon.co.kr/cm2/album/images/112/40/232/11240232_20230509151820_500.jpg/melon/resize/120/quality/80/optimize,Happy
"LOVE, MONEY, FAME (feat. DJ Khaled)",(여자)아이들,Dance,https://cdnimg.melon.co.kr/cm2/album/images/116/14/469/11614469_20241014104803_500.jpg/melon/resize/120/quality/80/optimize,Happy
OMG,세븐틴 (SEVENTEEN),Dance,https://cdnimg.melon.co.kr/cm2/album/images/111/27/145/11127145_20231213133532_500.jpg/melon/resize/120/quality/80/optimize,Happy
Perfect Night,NewJeans,Dance,https://cdnimg.melon.co.kr/cm2/album/images/113/52/904/11352904_20231027101104_500.jpg/melon/resize/120/quality/80/optimize,Happy
Girls Never Die,LE SSERAFIM (르세라핌),Dance,https://cdnimg.melon.co.kr/cm2/album/images/114/82/512/11482512_20240507163129_500.jpg/melon/resize/120/quality/80/optimize,Happy
Love Lee,tripleS (트리플에스),Dance,https://cdnimg.melon.co.kr/cm2/album/images/113/09/190/11309190_20230818161008_500.jpg/melon/resize/120/quality/80/optimize,Happy
"Earth, Wind & Fire",AKMU (악뮤),Dance,https://cdnimg.melon.co.kr/cm2/album/images/114/65/011/11465011_20240415102247_500.jpg/melon/resize/120/quality/80/optimize,Happy
거짓말,BOYNEXTDOOR,Dance,https://cdnimg.melon.co.kr/cm/album/images/003/55/853/355853_500.jpg/melon/resize/120/quality/80/optimize,Happy
FANTASTIC BABY,BIGBANG (빅뱅),Dance,https://cdnimg.melon.co.kr/cm/album/images/020/84/128/2084128_500.jpg/melon/resize/120/quality/80/optimize,Happy
MANIAC,BIGBANG (빅뱅),Dance,https://cdnimg.melon.co.kr/cm2/album/images/113/56/868/11356868_20231101160655_500.jpg/melon/resize/120/quality/80/optimize,Happy
우리의 다정한 계절 속에 (Season of Memories),VIVIZ (비비지),Dance,https://cdnimg.melon.co.kr/cm2/album/images/116/84/987/11684987_20250106100751_500.jpg/melon/resize/120/quality/80/optimize,Happy
After LIKE,여자친구 (GFRIEND),Dance,https://cdnimg.melon.co.kr/cm2/album/images/110/34/298/11034298_20220822101843_500.jpg/melon/resize/120/quality/80/optimize,Happy
MAESTRO,IVE (아이브),Dance,https://cdnimg.melon.co.kr/cm2/album/images/114/75/360/11475360_20240426141100_500.jpg/melon/resize/120/quality/80/optimize,Happy
Lucky Girl Syndrome,세븐틴 (SEVENTEEN),Dance,https://cdnimg.melon.co.kr/cm2/album/images/114/50/069/11450069_20240325110702_500.jpg/melon/resize/120/quality/80/optimize,Happy
우연 (우울한 우연),아일릿(ILLIT),Dance,https://cdnimg.melon.co.kr/cm/album/images/000/16/345/16345_500.jpg/melon/resize/120/quality/80/optimize,Happy
CRAZY,베이비복스,Dance,https://cdnimg.melon.co.kr/cm2/album/images/115/79/884/11579884_20240830100608_500.jpg/melon/resize/120/quality/80/optimize,Happy
I Don't Care,LE SSERAFIM (르세라핌),Dance,https://cdnimg.melon.co.kr/cm/album/images/005/98/055/598055_500.jpg/melon/resize/120/quality/80/optimize,Happy
Kitsch,2NE1,Dance,https://cdnimg.melon.co.kr/cm2/album/images/112/11/297/11211297_20230410151046_500.jpg/melon/resize/120/quality/80/optimize,Happy
Strategy (feat. Megan Thee Stallion),IVE (아이브),Dance,https://cdnimg.melon.co.kr/cm2/album/images/116/59/498/11659498_20241205124638_500.jpg/melon/resize/120/quality/80/optimize,Happy
BLUE,TWICE (트와이스),Dance,https://cdnimg.melon.co.kr/cm/album/images/020/84/128/2084128_500.jpg/melon/resize/120/quality/80/optimize,Happy
손오공,BIGBANG (빅뱅),Dance,https://cdnimg.melon.co.kr/cm2/album/images/112/29/537/11229537_20230421170444_500.jpg/melon/resize/120/quality/80/optimize,Happy
Midas Touch,세븐틴 (SEVENTEEN),Dance,https://cdnimg.melon.co.kr/cm2/album/images/114/56/219/11456219_20240402171009_500.jpg/melon/resize/120/quality/80/optimize,Happy
뭣 같아,KISS OF LIFE,Dance,https://cdnimg.melon.co.kr/cm2/album/images/113/19/182/11319182_20230904102829_500.jpg/melon/resize/120/quality/80/optimize,Happy
Celebrity,BOYNEXTDOOR,Dance,https://cdnimg.melon.co.kr/cm2/album/images/105/54/246/10554246_20210325161233_500.jpg/melon/resize/120/quality/80/optimize,Happy
건물 사이에 피어난 장미 (Rose Blossom),아이유,Dance,https://cdnimg.melon.co.kr/cm2/album/images/111/40/018/11140018_20230105103451_500.jpg/melon/resize/120/quality/80/optimize,Happy
Accendio,H1-KEY (하이키),Dance,https://cdnimg.melon.co.kr/cm2/album/images/114/75/530/11475530_20240430093854_500.jpg/melon/resize/120/quality/80/optimize,Happy
돌멩이,IVE (아이브),Dance,https://cdnimg.melon.co.kr/cm2/album/images/115/80/910/11580910_20240909111737_500.jpg/melon/resize/120/quality/80/optimize,Happy
You & Me,BOYNEXTDOOR,Dance,https://cdnimg.melon.co.kr/cm2/album/images/113/39/556/11339556_20231005170424_500.jpg/melon/resize/120/quality/80/optimize,Happy
마지막처럼,제니 (JENNIE),Dance,https://cdnimg.melon.co.kr/cm/album/images/100/72/696/10072696_500.jpg/melon/resize/120/quality/80/optimize,Happy
Candy,BLACKPINK,Dance,https://cdnimg.melon.co.kr/cm2/album/images/111/24/139/11124139_20221215162633_500.jpg/melon/resize/120/quality/80/optimize,Happy
마지막 인사,NCT DREAM,Dance,https://cdnimg.melon.co.kr/cm/album/images/003/60/994/360994_500.jpg/melon/resize/120/quality/80/optimize,Happy
Baddie,BIGBANG (빅뱅),Dance,https://cdnimg.melon.co.kr/cm2/album/images/113/33/459/11333459_20231013103537_500.jpg/melon/resize/120/quality/80/optimize,Happy
Next Level,IVE (아이브),Dance,https://cdnimg.melon.co.kr/cm2/album/images/106/09/232/10609232_20210517155130_500.jpg/melon/resize/120/quality/80/optimize,Happy
Siren,aespa,Dance,https://cdnimg.melon.co.kr/cm2/album/images/114/56/179/11456179_20240617152303_500.jpg/melon/resize/120/quality/80/optimize,Happy
다시 만난 세계 (Into The New World),RIIZE,Dance,https://cdnimg.melon.co.kr/cm/album/images/003/55/128/355128_500.jpg/melon/resize/120/quality/80/optimize,Happy
Heartbreaker,소녀시대 (GIRLS' GENERATION),Dance,https://cdnimg.melon.co.kr/cm/album/images/006/35/352/635352_500.jpg/melon/resize/120/quality/80/optimize,Happy
"이브, 프시케 그리고 푸른 수염의 아내",G-DRAGON,Dance,https://cdnimg.melon.co.kr/cm2/album/images/112/34/678/11234678_20230502162327_500.jpg/melon/resize/120/quality/80/optimize,Happy
Cosmic,LE SSERAFIM (르세라핌),Dance,https://cdnimg.melon.co.kr/cm2/album/images/115/18/724/11518724_20240625163044_500.jpg/melon/resize/120/quality/80/optimize,Happy
Tick-Tack,Red Velvet (레드벨벳),Dance,https://cdnimg.melon.co.kr/cm2/album/images/116/20/616/11620616_20241021095654_500.jpg/melon/resize/120/quality/80/optimize,Happy
Impossible,아일릿(ILLIT),Dance,https://cdnimg.melon.co.kr/cm2/album/images/114/56/179/11456179_20240617152303_500.jpg/melon/resize/120/quality/80/optimize,Happy
ANTIFRAGILE,RIIZE,Dance,https://cdnimg.melon.co.kr/cm2/album/images/110/78/496/11078496_20221014153848_500.jpg/melon/resize/120/quality/80/optimize,Happy
소년이여,LE SSERAFIM (르세라핌),Dance,https://cdnimg.melon.co.kr/cm/album/images/006/35/352/635352_500.jpg/melon/resize/120/quality/80/optimize,Happy
Lovesick Girls,G-DRAGON,Dance,https://cdnimg.melon.co.kr/cm2/album/images/104/98/032/10498032_20200929122954_500.jpg/melon/resize/120/quality/80/optimize,Happy
Teddy Bear,BLACKPINK,Dance,https://cdnimg.melon.co.kr/cm2/album/images/111/65/170/11165170_20230214120544_500.jpg/melon/resize/120/quality/80/optimize,Happy
우리 사랑하지 말아요,STAYC(스테이씨),Dance,https://cdnimg.melon.co.kr/cm/album/images/023/33/193/2333193_500.jpg/melon/resize/120/quality/80/optimize,Happy
Steady,BIGBANG (빅뱅),Dance,https://cdnimg.melon.co.kr/cm2/album/images/115/88/016/11588016_20240924115426_500.jpg/melon/resize/120/quality/80/optimize,Happy
Super Lady,NCT WISH,Dance,https://cdnimg.melon.co.kr/cm2/album/images/114/02/655/11402655_20240129121016_500.jpg/melon/resize/120/quality/80/optimize,Happy
Standing Next to You,(여자)아이들,Dance,https://cdnimg.melon.co.kr/cm2/album/images/113/58/100/11358100_20231102174659_500.jpg/melon/resize/120/quality/80/optimize,Happy
비행기,정국,Dance,https://cdnimg.melon.co.kr/cm/album/images/003/22/845/322845_500.jpg/melon/resize/120/quality/80/optimize,Happy
Over The Moon,거북이,Dance,https://cdnimg.melon.co.kr/cm2/album/images/116/32/009/11632009_20241104105912_500.jpg/melon/resize/120/quality/80/optimize,Happy
Fast Forward,투모로우바이투게더,Dance,https://cdnimg.melon.co.kr/cm2/album/images/113/00/771/11300771_20230807190540_500.jpg/melon/resize/120/quality/80/optimize,Happy
ELEVEN,전소미,Dance,https://cdnimg.melon.co.kr/cm2/album/images/107/98/794/10798794_20211201113915_500.jpg/melon/resize/120/quality/80/optimize,Happy
불장난,IVE (아이브),Dance,https://cdnimg.melon.co.kr/cm/album/images/100/11/491/10011491_500.jpg/melon/resize/120/quality/80/optimize,Happy
화이트 (White),BLACKPINK,Dance,https://cdnimg.melon.co.kr/cm2/album/images/113/87/681/11387681_20231220154513_500.jpg/melon/resize/120/quality/80/optimize,Happy
SMILEY (Feat. BIBI),폴킴,Dance,https://cdnimg.melon.co.kr/cm2/album/images/108/42/611/10842611_20220117110002_500.jpg/melon/resize/120/quality/80/optimize,Happy
Butter,YENA (최예나),Dance,https://cdnimg.melon.co.kr/cm2/album/images/106/12/483/10612483_20210521111412_500.jpg/melon/resize/120/quality/80/optimize,Happy
Go Away,방탄소년단,Dance,https://cdnimg.melon.co.kr/cm/album/images/010/17/253/1017253_500.jpg/melon/resize/120/quality/80/optimize,Happy
Weekend,2NE1,Dance,https://cdnimg.melon.co.kr/cm2/album/images/106/45/654/10645654_20210706155154_500.jpg/melon/resize/120/quality/80/optimize,Happy
"HOME SWEET HOME (feat. 태양, 대성)",G-DRAGON,Hip-Hop,https://cdnimg.melon.co.kr/cm2/album/images/116/47/670/11647670_20241121150855_500.jpg/melon/resize/120/quality/80/optimize,Angry
POWER,G-DRAGON,Hip-Hop,https://cdnimg.melon.co.kr/cm2/album/images/116/30/124/11630124_20241031100530_500.jpg/melon/resize/120/quality/80/optimize,Angry
Small girl (feat. 도경수(D.O.)),이영지,Hip-Hop,https://cdnimg.melon.co.kr/cm2/album/images/115/17/951/11517951_20240620173412_500.jpg/melon/resize/120/quality/80/optimize,Angry
Igloo,KISS OF LIFE,Hip-Hop,https://cdnimg.melon.co.kr/cm2/album/images/116/07/747/11607747_20241015110919_500.jpg/melon/resize/120/quality/80/optimize,Angry
SPOT! (feat. JENNIE),지코 (ZICO),Hip-Hop,https://cdnimg.melon.co.kr/cm2/album/images/114/74/894/11474894_20240426103349_500.jpg/melon/resize/120/quality/80/optimize,Angry
우리 영화,PLAVE,Hip-Hop,https://cdnimg.melon.co.kr/cm2/album/images/114/27/101/11427101_20240223153059_500.jpg/melon/resize/120/quality/80/optimize,Angry
봄날,방탄소년단,Hip-Hop,https://cdnimg.melon.co.kr/cm/album/images/100/37/969/10037969_500.jpg/melon/resize/120/quality/80/optimize,Angry
버추얼 아이돌,PLAVE,Hip-Hop,https://cdnimg.melon.co.kr/cm2/album/images/114/27/101/11427101_20240223153059_500.jpg/melon/resize/120/quality/80/optimize,Angry
삐딱하게 (Crooked),G-DRAGON,Hip-Hop,https://cdnimg.melon.co.kr/cm/album/images/021/99/192/2199192_500.jpg/melon/resize/120/quality/80/optimize,Angry
뱅뱅뱅 (BANG BANG BANG),BIGBANG (빅뱅),Hip-Hop,https://cdnimg.melon.co.kr/cm/album/images/023/21/510/2321510_500.jpg/melon/resize/120/quality/80/optimize,Angry
하루 하루,BIGBANG (빅뱅),Hip-Hop,https://cdnimg.melon.co.kr/cm/album/images/003/92/870/392870_500.jpg/melon/resize/120/quality/80/optimize,Angry
거짓말,BIGBANG (빅뱅),Hip-Hop,https://cdnimg.melon.co.kr/cm/album/images/003/55/853/355853_500.jpg/melon/resize/120/quality/80/optimize,Angry
Skrr (feat. 지젤 of aespa),김하온 (HAON),Hip-Hop,https://cdnimg.melon.co.kr/cm2/album/images/116/44/819/11644819_20241119121510_500.jpg/melon/resize/120/quality/80/optimize,Angry
부모님 관람불가,BOYNEXTDOOR,Hip-Hop,https://cdnimg.melon.co.kr/cm2/album/images/115/80/910/11580910_20240909111737_500.jpg/melon/resize/120/quality/80/optimize,Angry
MEOW,MEOVV (미야오),Hip-Hop,https://cdnimg.melon.co.kr/cm2/album/images/115/86/554/11586554_20240906095540_500.jpg/melon/resize/120/quality/80/optimize,Angry
마지막 인사,BIGBANG (빅뱅),Hip-Hop,https://cdnimg.melon.co.kr/cm/album/images/003/60/994/360994_500.jpg/melon/resize/120/quality/80/optimize,Angry
EASY,LE SSERAFIM (르세라핌),Hip-Hop,https://cdnimg.melon.co.kr/cm2/album/images/114/07/156/11407156_20240219142535_500.jpg/melon/resize/120/quality/80/optimize,Angry
WE LIKE 2 PARTY,BIGBANG (빅뱅),Hip-Hop,https://cdnimg.melon.co.kr/cm/album/images/023/21/510/2321510_500.jpg/melon/resize/120/quality/80/optimize,Angry
Summer (Feat. BE’O (비오)),Paul Blanco,Hip-Hop,https://cdnimg.melon.co.kr/cm2/album/images/109/84/354/10984354_20220615140704_500.jpg/melon/resize/120/quality/80/optimize,Angry
죽일 놈 (Guilty),다이나믹 듀오,Hip-Hop,https://cdnimg.melon.co.kr/cm/album/images/006/84/955/684955_500.jpg/melon/resize/120/quality/80/optimize,Angry
홀씨,아이유,Hip-Hop,https://cdnimg.melon.co.kr/cm2/album/images/114/04/142/11404142_20240220141548_500.jpg/melon/resize/120/quality/80/optimize,Angry
어땠을까 (Feat. 박정현),싸이 (PSY),Hip-Hop,https://cdnimg.melon.co.kr/cm/album/images/021/37/275/2137275_500.jpg/melon/resize/120/quality/80/optimize,Angry
니가 뭔데 (Who You?),G-DRAGON,Hip-Hop,https://cdnimg.melon.co.kr/cm/album/images/021/99/192/2199192_500.jpg/melon/resize/120/quality/80/optimize,Angry
시차 (We Are) (Feat. 로꼬 & GRAY),우원재,Hip-Hop,https://cdnimg.melon.co.kr/cm/album/images/100/93/389/10093389_500.jpg/melon/resize/120/quality/80/optimize,Angry
Trip (Feat. Hannah),릴러말즈 (Leellamarz),Hip-Hop,https://cdnimg.melon.co.kr/cm/album/images/102/02/362/10202362_500.jpg/melon/resize/120/quality/80/optimize,Angry
Jasmine,DPR LIVE,Hip-Hop,https://cdnimg.melon.co.kr/cm/album/images/101/00/658/10100658_500.jpg/melon/resize/120/quality/80/optimize,Angry
OHAYO MY NIGHT,디핵 (D-Hack),Hip-Hop,https://cdnimg.melon.co.kr/cm2/album/images/104/47/520/10447520_20200619123343_500.jpg/melon/resize/120/quality/80/optimize,Angry
에라 모르겠다,PATEKO (파테코),Hip-Hop,https://cdnimg.melon.co.kr/cm/album/images/100/22/709/10022709_500.jpg/melon/resize/120/quality/80/optimize,Angry
Y (Please Tell Me Why),BIGBANG (빅뱅),Hip-Hop,https://cdnimg.melon.co.kr/cm/album/images/000/35/102/35102_500.jpg/melon/resize/120/quality/80/optimize,Angry
거리에서 (Feat. ASH ISLAND),프리스타일,Hip-Hop,https://cdnimg.melon.co.kr/cm2/album/images/113/04/600/11304600_20230811140259_500.jpg/melon/resize/120/quality/80/optimize,Angry
IZNA,릴러말즈 (Leellamarz),Hip-Hop,https://cdnimg.melon.co.kr/cm2/album/images/116/48/831/11648831_20241122163047_500.jpg/melon/resize/120/quality/80/optimize,Angry
METEOR,izna (이즈나),Hip-Hop,https://cdnimg.melon.co.kr/cm2/album/images/103/59/162/10359162_500.jpg/melon/resize/120/quality/80/optimize,Angry
자니 (Feat. Dynamic Duo),창모 (CHANGMO),Hip-Hop,https://cdnimg.melon.co.kr/cm/album/images/020/89/047/2089047_500.jpg/melon/resize/120/quality/80/optimize,Angry
Missing You (Feat. 김윤아 Of 자우림),프라이머리,Hip-Hop,https://cdnimg.melon.co.kr/cm/album/images/021/47/867/2147867_500.jpg/melon/resize/120/quality/80/optimize,Angry
Officially Missing You,G-DRAGON,Hip-Hop,https://cdnimg.melon.co.kr/cm/album/images/011/96/552/1196552_500.jpg/melon/resize/120/quality/80/optimize,Angry
LOVE me,긱스 (Geeks),Hip-Hop,https://cdnimg.melon.co.kr/cm2/album/images/109/16/904/10916904_20220412101049_500.jpg/melon/resize/120/quality/80/optimize,Angry
로맨틱 겨울 (Feat. 김진호 Of SG워너비),BE'O (비오),Hip-Hop,https://cdnimg.melon.co.kr/cm/album/images/007/45/152/745152_500.jpg/melon/resize/120/quality/80/optimize,Angry
죽을 만큼 아파서 (Feat. 멜로우),김진표,Hip-Hop,https://cdnimg.melon.co.kr/cm/album/images/009/35/651/935651_500.jpg/melon/resize/120/quality/80/optimize,Angry
BAE BAE,MC몽,Hip-Hop,https://cdnimg.melon.co.kr/cm/album/images/023/16/478/2316478_500.jpg/melon/resize/120/quality/80/optimize,Angry
OTL (OFF THE LEASH),BIGBANG (빅뱅),Hip-Hop,https://cdnimg.melon.co.kr/cm2/album/images/116/57/598/11657598_20241203164416_500.jpg/melon/resize/120/quality/80/optimize,Angry
어떻게 지내 (Prod. By VAN.C),루피 (Loopy),Hip-Hop,https://cdnimg.melon.co.kr/cm2/album/images/103/99/190/10399190_20200305151138_500.jpg/melon/resize/120/quality/80/optimize,Angry
위태로울걸,OSUN (권오선),Hip-Hop,https://cdnimg.melon.co.kr/cm2/album/images/115/78/413/11578413_20240828161244_500.jpg/melon/resize/120/quality/80/optimize,Angry
존재만으로,JP,Hip-Hop,https://cdnimg.melon.co.kr/cm2/album/images/108/80/569/10880569_20220225143552_500.jpg/melon/resize/120/quality/80/optimize,Angry
Pink Venom,오반(OVAN),Hip-Hop,https://cdnimg.melon.co.kr/cm2/album/images/110/33/394/11033394_20220916124707_500.jpg/melon/resize/120/quality/80/optimize,Angry
내 기쁨은 너가 벤틀리를 끄는 거야,오반(OVAN),Hip-Hop,https://cdnimg.melon.co.kr/cm2/album/images/107/43/373/10743373_20211018161315_500.jpg/melon/resize/120/quality/80/optimize,Angry
"사이렌 Remix (Feat. UNEDUCATED KID, Paul Blanco)",원슈타인,Hip-Hop,https://cdnimg.melon.co.kr/cm2/album/images/105/80/227/10580227_20210319163608_500.jpg/melon/resize/120/quality/80/optimize,Angry
"헤어지지 못하는 여자, 떠나가지 못하는 남자 (Feat. 정인)",BLACKPINK,Hip-Hop,https://cdnimg.melon.co.kr/cm/album/images/006/82/952/682952_500.jpg/melon/resize/120/quality/80/optimize,Angry
Shut Down,김승민,Hip-Hop,https://cdnimg.melon.co.kr/cm2/album/images/110/33/394/11033394_20220916124707_500.jpg/melon/resize/120/quality/80/optimize,Angry
"회전목마 (Feat. Zion.T, 원슈타인) (Prod. Slom)",호미들,Hip-Hop,https://cdnimg.melon.co.kr/cm2/album/images/107/75/252/10775252_20211112142804_500.jpg/melon/resize/120/quality/80/optimize,Angry
Ballerino,리쌍,Hip-Hop,https://cdnimg.melon.co.kr/cm/album/images/003/51/473/351473_500.jpg/melon/resize/120/quality/80/optimize,Angry
LOSER,BLACKPINK,Hip-Hop,https://cdnimg.melon.co.kr/cm/album/images/023/16/478/2316478_500.jpg/melon/resize/120/quality/80/optimize,Angry
우산 (Feat. 윤하),sokodomo,Hip-Hop,https://cdnimg.melon.co.kr/cm/album/images/003/76/100/376100_500.jpg/melon/resize/120/quality/80/optimize,Angry
뜨거운 안녕 (Feat. 성시경),리쌍,Hip-Hop,https://cdnimg.melon.co.kr/cm/album/images/021/37/275/2137275_500.jpg/melon/resize/120/quality/80/optimize,Angry
"Smoke (Prod. Dynamicduo, Padi)",BIGBANG (빅뱅),Hip-Hop,https://cdnimg.melon.co.kr/cm2/album/images/113/15/612/11315612_20230905120657_500.jpg/melon/resize/120/quality/80/optimize,Angry
GOOD BOY,에픽하이 (EPIK HIGH),Hip-Hop,https://cdnimg.melon.co.kr/cm/album/images/022/91/669/2291669_500.jpg/melon/resize/120/quality/80/optimize,Angry
"Rainy day (Feat. ASH ISLAND, Skinny Brown)",싸이 (PSY),Hip-Hop,https://cdnimg.melon.co.kr/cm2/album/images/104/62/855/10462855_20200717153814_500.jpg/melon/resize/120/quality/80/optimize,Angry
GONE (Feat. Paloalto) (Prod. TOIL),다이나믹 듀오,Hip-Hop,https://cdnimg.melon.co.kr/cm2/album/images/104/06/889/10406889_20200323160252_500.jpg/melon/resize/120/quality/80/optimize,Angry
NOT SORRY (Feat. pH-1) (Prod. by Slom),이영지,Hip-Hop,https://cdnimg.melon.co.kr/cm2/album/images/111/25/247/11125247_20221216121651_500.jpg/melon/resize/120/quality/80/optimize,Angry
BODY,GD X TAEYANG,Hip-Hop,https://cdnimg.melon.co.kr/cm2/album/images/116/43/642/11643642_20241118100702_500.jpg/melon/resize/120/quality/80/optimize,Angry
너에게 쓰는 편지 (Feat. 린),PATEKO (파테코),Hip-Hop,https://cdnimg.melon.co.kr/cm/album/images/000/34/486/34486_500.jpg/melon/resize/120/quality/80/optimize,Angry
새삥 (Prod. ZICO) (Feat. 호미들),릴러말즈 (Leellamarz),Hip-Hop,https://cdnimg.melon.co.kr/cm2/album/images/110/45/985/11045985_20220905151107_500.jpg/melon/resize/120/quality/80/optimize,Angry
예술이야,TOIL,Hip-Hop,https://cdnimg.melon.co.kr/cm/album/images/010/44/555/1044555_500.jpg/melon/resize/120/quality/80/optimize,Angry
"And July (Feat. DEAN, DJ Friz)",이영지,Hip-Hop,https://cdnimg.melon.co.kr/cm/album/images/026/88/360/2688360_500.jpg/melon/resize/120/quality/80/optimize,Angry
문득,MEOVV (미야오),Hip-Hop,https://cdnimg.melon.co.kr/cm2/album/images/106/01/149/10601149_20210430171555_500.jpg/melon/resize/120/quality/80/optimize,Angry
우리서로사랑하지는말자,MC몽,Hip-Hop,https://cdnimg.melon.co.kr/cm2/album/images/104/97/938/10497938_20200929112015_500.jpg/melon/resize/120/quality/80/optimize,Angry
This Love,지코 (ZICO),Hip-Hop,https://cdnimg.melon.co.kr/cm/album/images/003/24/606/324606_500.jpg/melon/resize/120/quality/80/optimize,Angry
"? (물음표) (Feat. 최자 Of 다이나믹듀오, Zion.T)",싸이 (PSY),Hip-Hop,https://cdnimg.melon.co.kr/cm/album/images/021/61/126/2161126_500.jpg/melon/resize/120/quality/80/optimize,Angry
내 생애 가장 행복한 시간 (Feat. 허각),헤이즈 (Heize),Hip-Hop,https://cdnimg.melon.co.kr/cm/album/images/022/88/687/2288687_500.jpg/melon/resize/120/quality/80/optimize,Angry
한여름밤의 꿀,BE'O (비오),Hip-Hop,https://cdnimg.melon.co.kr/cm/album/images/022/60/223/2260223_500.jpg/melon/resize/120/quality/80/optimize,Angry
사랑을 했다 (LOVE SCENARIO),기리보이,Hip-Hop,https://cdnimg.melon.co.kr/cm/album/images/101/32/945/10132945_500.jpg/melon/resize/120/quality/80/optimize,Angry
그땐 그땐 그땐,BIGBANG (빅뱅),Hip-Hop,https://cdnimg.melon.co.kr/cm/album/images/010/30/195/1030195_500.jpg/melon/resize/120/quality/80/optimize,Angry
우연히 봄,프라이머리,Hip-Hop,https://cdnimg.melon.co.kr/cm/album/images/023/12/287/2312287_500.jpg/melon/resize/120/quality/80/optimize,Angry
VVS (Feat. JUSTHIS) (Prod. GroovyRoom),MC몽,Hip-Hop,https://cdnimg.melon.co.kr/cm2/album/images/105/21/601/10521601_20201120125511_500.jpg/melon/resize/120/quality/80/optimize,Angry
아무노래,San E (산이),Hip-Hop,https://cdnimg.melon.co.kr/cm2/album/images/103/75/118/10375118_20200113150502_500.jpg/melon/resize/120/quality/80/optimize,Angry
Black (Feat. 제니 of BLACKPINK),레이나 (Raina),Hip-Hop,https://cdnimg.melon.co.kr/cm/album/images/021/99/192/2199192_500.jpg/melon/resize/120/quality/80/optimize,Angry
만남은 쉽고 이별은 어려워 (Feat. Leellamarz) (Prod. TOIL),iKON,Hip-Hop,https://cdnimg.melon.co.kr/cm2/album/images/107/84/974/10784974_20211119152051_500.jpg/melon/resize/120/quality/80/optimize,Angry
Chk Chk Boom,Supreme Team,Hip-Hop,https://cdnimg.melon.co.kr/cm2/album/images/115/45/789/11545789_20240719102456_500.jpg/melon/resize/120/quality/80/optimize,Angry
악몽,영준,Hip-Hop,https://cdnimg.melon.co.kr/cm/album/images/102/71/429/10271429_500.jpg/melon/resize/120/quality/80/optimize,Angry
리무진 (Feat. MINO) (Prod. GRAY),로꼬,Hip-Hop,https://cdnimg.melon.co.kr/cm2/album/images/107/84/974/10784974_20211119152051_500.jpg/melon/resize/120/quality/80/optimize,Angry
아름다워,유주 (YUJU),Hip-Hop,https://cdnimg.melon.co.kr/cm/album/images/026/98/920/2698920_500.jpg/melon/resize/120/quality/80/optimize,Angry
Nerdy Love (Feat. 백예린),미란이 (MIRANI),Hip-Hop,https://cdnimg.melon.co.kr/cm2/album/images/103/73/988/10373988_20200109140720_500.jpg/melon/resize/120/quality/80/optimize,Angry
자격지심 (Feat. ZICO),먼치맨(MUNCHMAN),Hip-Hop,https://cdnimg.melon.co.kr/cm2/album/images/110/67/591/11067591_20220929100834_500.jpg/melon/resize/120/quality/80/optimize,Angry
I Love U Oh Thank U (Feat. 김태우 Of God),Khundi Panda,Hip-Hop,https://cdnimg.melon.co.kr/cm/album/images/003/02/961/302961_500.jpg/melon/resize/120/quality/80/optimize,Angry
시간이 들겠지 (Feat. Colde),머쉬베놈 (MUSHVENOM),Hip-Hop,https://cdnimg.melon.co.kr/cm/album/images/102/10/198/10210198_500.jpg/melon/resize/120/quality/80/optimize,Angry
"검정색하트 (Feat. Leellamarz, BE'O)",지코 (ZICO),Hip-Hop,https://cdnimg.melon.co.kr/cm2/album/images/108/54/834/10854834_20220127205144_500.jpg/melon/resize/120/quality/80/optimize,Angry
뚜두뚜두 (DDU-DU DDU-DU),G-DRAGON,Hip-Hop,https://cdnimg.melon.co.kr/cm/album/images/101/76/415/10176415_500.jpg/melon/resize/120/quality/80/optimize,Angry
Alone (Feat. 이하이),베이식 (Basick),Hip-Hop,https://cdnimg.melon.co.kr/cm2/album/images/109/91/051/10991051_20220627102528_500.jpg/melon/resize/120/quality/80/optimize,Angry
프락치 (Fraktsiya) (Feat. 이영지),Stray Kids (스트레이 키즈),Hip-Hop,https://cdnimg.melon.co.kr/cm2/album/images/116/65/814/11665814_20241213163302_500.jpg/melon/resize/120/quality/80/optimize,Angry
이 노래가 클럽에서 나온다면,ASH ISLAND,Hip-Hop,https://cdnimg.melon.co.kr/cm/album/images/102/45/121/10245121_500.jpg/melon/resize/120/quality/80/optimize,Angry
AEAO,BE'O (비오),Hip-Hop,https://cdnimg.melon.co.kr/cm/album/images/022/67/461/2267461_500.jpg/melon/resize/120/quality/80/optimize,Angry
고백(Go Back) (Feat.정인),창모 (CHANGMO),Hip-Hop,https://cdnimg.melon.co.kr/cm/album/images/003/09/097/309097_500.jpg/melon/resize/120/quality/80/optimize,Angry
High High,pH-1,Hip-Hop,https://cdnimg.melon.co.kr/cm/album/images/011/04/951/1104951_500.jpg/melon/resize/120/quality/80/optimize,Angry
노세노세,BE'O (비오),Hip-Hop,https://cdnimg.melon.co.kr/cm2/album/images/114/35/517/11435517_20240306120237_500.jpg/melon/resize/120/quality/80/optimize,Angry
사임쌓임,MC몽,Hip-Hop,https://cdnimg.melon.co.kr/cm2/album/images/105/50/860/10550860_20210121103121_500.jpg/melon/resize/120/quality/80/optimize,Angry
눈물 (Feat. 유진 Of 더 씨야),로꼬,Hip-Hop,https://cdnimg.melon.co.kr/cm/album/images/021/73/499/2173499_500.jpg/melon/resize/120/quality/80/optimize,Angry
붕붕 (Feat. 식케이) (Prod. GroovyRoom),TOIL,Hip-Hop,https://cdnimg.melon.co.kr/cm/album/images/101/58/254/10158254_500.jpg/melon/resize/120/quality/80/optimize,Angry
멜로디,BLACKPINK,Hip-Hop,https://cdnimg.melon.co.kr/cm2/album/images/105/70/193/10570193_20210225111143_500.jpg/melon/resize/120/quality/80/optimize,Angry
"내일이 오면 (Feat. 기리보이, BIG Naughty (서동현))",쿠기 (Coogie),Hip-Hop,https://cdnimg.melon.co.kr/cm2/album/images/105/29/161/10529161_20201204130014_500.jpg/melon/resize/120/quality/80/optimize,Angry
작별인사 (Feat. Paul Blanco),마크 (MARK),Hip-Hop,https://cdnimg.melon.co.kr/cm2/album/images/112/36/489/11236489_20230503100241_500.jpg/melon/resize/120/quality/80/optimize,Angry
Stay With Me,우디 (Woody),Hip-Hop,https://cdnimg.melon.co.kr/cm/album/images/100/20/654/10020654_500.jpg/melon/resize/120/quality/80/optimize,Angry
To. X,태연 (TAEYEON),R&B,https://cdnimg.melon.co.kr/cm2/album/images/113/72/896/11372896_20231127104957_500.jpg/melon/resize/120/quality/80/optimize,Sentimental
"무제(無題) (Untitled, 2014)",G-DRAGON,R&B,https://cdnimg.melon.co.kr/cm/album/images/100/69/644/10069644_500.jpg/melon/resize/120/quality/80/optimize,Sentimental
시작의 아이,마크툽 (MAKTUB),R&B,https://cdnimg.melon.co.kr/cm2/album/images/116/76/806/11676806_20241223190316_500.jpg/melon/resize/120/quality/80/optimize,Sentimental
Merry PLLIstmas,PLAVE,R&B,https://cdnimg.melon.co.kr/cm2/album/images/114/27/101/11427101_20240223153059_500.jpg/melon/resize/120/quality/80/optimize,Sentimental
밤양갱,비비 (BIBI),R&B,https://cdnimg.melon.co.kr/cm2/album/images/114/15/997/11415997_20240226162412_500.jpg/melon/resize/120/quality/80/optimize,Sentimental
SHEESH,BABYMONSTER,R&B,https://cdnimg.melon.co.kr/cm2/album/images/114/54/802/11454802_20240401174250_500.jpg/melon/resize/120/quality/80/optimize,Sentimental
오늘도 빛나는 너에게 (To You My Light) (Feat.이라온),마크툽 (MAKTUB),R&B,https://cdnimg.melon.co.kr/cm/album/images/102/94/603/10294603_500.jpg/melon/resize/120/quality/80/optimize,Sentimental
꽃 길,BIGBANG (빅뱅),R&B,https://cdnimg.melon.co.kr/cm/album/images/101/47/314/10147314_500.jpg/melon/resize/120/quality/80/optimize,Sentimental
Must Have Love,SG 워너비,R&B,https://cdnimg.melon.co.kr/cm/album/images/003/31/377/331377_500.jpg/melon/resize/120/quality/80/optimize,Sentimental
너라는 별,브라운아이드걸스,R&B,https://cdnimg.melon.co.kr/cm2/album/images/116/55/041/11655041_20241129150638_500.jpg/melon/resize/120/quality/80/optimize,Sentimental
벌써 일년,고추잠자리,R&B,https://cdnimg.melon.co.kr/cm/album/images/000/02/393/2393_500.jpg/melon/resize/120/quality/80/optimize,Sentimental
찰나가 영원이 될 때 (The Eternal Moment),브라운 아이즈,R&B,https://cdnimg.melon.co.kr/cm2/album/images/107/16/174/10716174_20210916153439_500.jpg/melon/resize/120/quality/80/optimize,Sentimental
...사랑했잖아...,마크툽 (MAKTUB),R&B,https://cdnimg.melon.co.kr/cm/album/images/000/34/289/34289_500.jpg/melon/resize/120/quality/80/optimize,Sentimental
Smart,린,R&B,https://cdnimg.melon.co.kr/cm2/album/images/114/07/156/11407156_20240219142535_500.jpg/melon/resize/120/quality/80/optimize,Sentimental
Beautiful,LE SSERAFIM (르세라핌),R&B,https://cdnimg.melon.co.kr/cm/album/images/100/24/106/10024106_500.jpg/melon/resize/120/quality/80/optimize,Sentimental
gameboy,Crush,R&B,https://cdnimg.melon.co.kr/cm2/album/images/116/59/696/11659696_20241205141243_500.jpg/melon/resize/120/quality/80/optimize,Sentimental
정이라고 하자 (Feat. 10CM),로제 (ROSÉ),R&B,https://cdnimg.melon.co.kr/cm2/album/images/109/25/762/10925762_20220419152007_500.jpg/melon/resize/120/quality/80/optimize,Sentimental
괜찮아도 괜찮아 (That's okay),BIG Naughty (서동현),R&B,https://cdnimg.melon.co.kr/cm/album/images/103/01/811/10301811_500.jpg/melon/resize/120/quality/80/optimize,Sentimental
내가 그댈,도경수(D.O.),R&B,https://cdnimg.melon.co.kr/cm2/album/images/115/18/346/11518346_20240621103409_500.jpg/melon/resize/120/quality/80/optimize,Sentimental
스물,하동균,R&B,https://cdnimg.melon.co.kr/cm2/album/images/115/80/910/11580910_20240909111737_500.jpg/melon/resize/120/quality/80/optimize,Sentimental
눈이 와 (Feat. Coogie),BOYNEXTDOOR,R&B,https://cdnimg.melon.co.kr/cm2/album/images/116/85/730/11685730_20250106160741_500.jpg/melon/resize/120/quality/80/optimize,Sentimental
Vancouver,권은비,R&B,https://cdnimg.melon.co.kr/cm2/album/images/109/41/011/10941011_20220503153950_500.jpg/melon/resize/120/quality/80/optimize,Sentimental
한숨,BIG Naughty (서동현),R&B,https://cdnimg.melon.co.kr/cm/album/images/026/71/866/2671866_500.jpg/melon/resize/120/quality/80/optimize,Sentimental
너를 생각해,이하이,R&B,https://cdnimg.melon.co.kr/cm2/album/images/107/16/399/10716399_20210916173429_500.jpg/melon/resize/120/quality/80/optimize,Sentimental
Hero Death (Feat. 시온),주시크 (Joosiq),R&B,https://cdnimg.melon.co.kr/cm2/album/images/116/57/594/11657594_20241203163743_500.jpg/melon/resize/120/quality/80/optimize,Sentimental
drinks or coffee,BIG Naughty (서동현),R&B,https://cdnimg.melon.co.kr/cm2/album/images/116/59/696/11659696_20241205141243_500.jpg/melon/resize/120/quality/80/optimize,Sentimental
Call Me,로제 (ROSÉ),R&B,https://cdnimg.melon.co.kr/cm2/album/images/115/80/910/11580910_20240909111737_500.jpg/melon/resize/120/quality/80/optimize,Sentimental
바람기억,BOYNEXTDOOR,R&B,https://cdnimg.melon.co.kr/cm/album/images/021/50/856/2150856_500.jpg/melon/resize/120/quality/80/optimize,Sentimental
비도 오고 그래서 (Feat. 신용재),나얼,R&B,https://cdnimg.melon.co.kr/cm/album/images/100/74/454/10074454_500.jpg/melon/resize/120/quality/80/optimize,Sentimental
Bye bye my blue,헤이즈 (Heize),R&B,https://cdnimg.melon.co.kr/cm/album/images/026/92/170/2692170_500.jpg/melon/resize/120/quality/80/optimize,Sentimental
Square (2017),백예린 (Yerin Baek),R&B,https://cdnimg.melon.co.kr/cm2/album/images/103/62/776/10362776_20191210144641_500.jpg/melon/resize/120/quality/80/optimize,Sentimental
"눈, 코, 입",백예린 (Yerin Baek),R&B,https://cdnimg.melon.co.kr/cm/album/images/022/59/140/2259140_500.jpg/melon/resize/120/quality/80/optimize,Sentimental
미안해,태양,R&B,https://cdnimg.melon.co.kr/cm/album/images/101/23/639/10123639_500.jpg/melon/resize/120/quality/80/optimize,Sentimental
Boat,양다일,R&B,https://cdnimg.melon.co.kr/cm/album/images/101/11/920/10111920_500.jpg/melon/resize/120/quality/80/optimize,Sentimental
헤픈 우연,죠지,R&B,https://cdnimg.melon.co.kr/cm2/album/images/106/11/845/10611845_20210520170350_500.jpg/melon/resize/120/quality/80/optimize,Sentimental
빛이 나는 너에게,헤이즈 (Heize),R&B,https://cdnimg.melon.co.kr/cm2/album/images/112/22/887/11222887_20230412154617_500.jpg/melon/resize/120/quality/80/optimize,Sentimental
벌써일년,던 (DAWN),R&B,https://cdnimg.melon.co.kr/cm/album/images/003/52/513/352513_500.jpg/melon/resize/120/quality/80/optimize,Sentimental
"Yes or No (Feat. 허윤진 of LE SSERAFIM, Crush)",브라운 아이즈,R&B,https://cdnimg.melon.co.kr/cm2/album/images/114/00/015/11400015_20240116162843_500.jpg/melon/resize/120/quality/80/optimize,Sentimental
체념,그루비룸 (GroovyRoom),R&B,https://cdnimg.melon.co.kr/cm/album/images/000/27/516/27516_500.jpg/melon/resize/120/quality/80/optimize,Sentimental
"All I Wanna Do (K) (Feat. Hoody, Loco)",빅마마,R&B,https://cdnimg.melon.co.kr/cm/album/images/100/08/163/10008163_500.jpg/melon/resize/120/quality/80/optimize,Sentimental
dance all night,박재범,R&B,https://cdnimg.melon.co.kr/cm2/album/images/116/59/696/11659696_20241205141243_500.jpg/melon/resize/120/quality/80/optimize,Sentimental
팔레트 (Feat. G-DRAGON),로제 (ROSÉ),R&B,https://cdnimg.melon.co.kr/cm/album/images/100/56/666/10056666_500.jpg/melon/resize/120/quality/80/optimize,Sentimental
썸 (Feat. 릴보이 Of 긱스),아이유,R&B,https://cdnimg.melon.co.kr/cm/album/images/022/30/890/2230890_500.jpg/melon/resize/120/quality/80/optimize,Sentimental
D (half moon) (Feat. 개코),소유 (SOYOU),R&B,https://cdnimg.melon.co.kr/cm/album/images/026/74/623/2674623_500.jpg/melon/resize/120/quality/80/optimize,Sentimental
instagram,정기고,R&B,https://cdnimg.melon.co.kr/cm/album/images/101/22/929/10122929_500.jpg/melon/resize/120/quality/80/optimize,Sentimental
저 별,DEAN,R&B,https://cdnimg.melon.co.kr/cm2/album/images/111/80/919/11180919_20230330113423_500.jpg/melon/resize/120/quality/80/optimize,Sentimental
머리어깨무릎발 (Feat. 원슈타인),DEAN,R&B,https://cdnimg.melon.co.kr/cm2/album/images/106/95/332/10695332_20210909134138_500.jpg/melon/resize/120/quality/80/optimize,Sentimental
Dream (Prod. by 박근태),dori,R&B,https://cdnimg.melon.co.kr/cm/album/images/026/60/715/2660715_500.jpg/melon/resize/120/quality/80/optimize,Sentimental
밤이 되니까,이하이,R&B,https://cdnimg.melon.co.kr/cm/album/images/101/00/577/10100577_500.jpg/melon/resize/120/quality/80/optimize,Sentimental
Thirsty,수지 (Suzy),R&B,https://cdnimg.melon.co.kr/cm2/album/images/112/36/264/11236264_20230508184331_500.jpg/melon/resize/120/quality/80/optimize,Sentimental
친구라도 될 걸 그랬어,백현 (BAEKHYUN),R&B,https://cdnimg.melon.co.kr/cm/album/images/000/26/396/26396_500.jpg/melon/resize/120/quality/80/optimize,Sentimental
Either Way,펀치 (Punch),R&B,https://cdnimg.melon.co.kr/cm2/album/images/113/33/459/11333459_20231013103537_500.jpg/melon/resize/120/quality/80/optimize,Sentimental
Still With You,aespa,R&B,https://cdnimg.melon.co.kr/cm2/album/images/112/77/386/11277386_20230703095238_500.jpg/melon/resize/120/quality/80/optimize,Sentimental
사랑이라 믿었던 것들은 (Feat. 이수현),거미,R&B,https://cdnimg.melon.co.kr/cm2/album/images/111/91/359/11191359_20230227182139_500.jpg/melon/resize/120/quality/80/optimize,Sentimental
too bad for us,IVE (아이브),R&B,https://cdnimg.melon.co.kr/cm2/album/images/116/59/696/11659696_20241205141243_500.jpg/melon/resize/120/quality/80/optimize,Sentimental
보고싶었어,정국,R&B,https://cdnimg.melon.co.kr/cm2/album/images/110/00/171/11000171_20220708163659_500.jpg/melon/resize/120/quality/80/optimize,Sentimental
떠나 (Prod. PATEKO (파테코)),BIG Naughty (서동현),R&B,https://cdnimg.melon.co.kr/cm2/album/images/110/23/561/11023561_20220805135138_500.jpg/melon/resize/120/quality/80/optimize,Sentimental
밤 (Night),로제 (ROSÉ),R&B,https://cdnimg.melon.co.kr/cm2/album/images/113/07/424/11307424_20230816163958_500.jpg/melon/resize/120/quality/80/optimize,Sentimental
딱 10CM만,WSG워너비(4FIRE),R&B,https://cdnimg.melon.co.kr/cm2/album/images/110/63/205/11063205_20220923155512_500.jpg/melon/resize/120/quality/80/optimize,Sentimental
Sugarcoat (NATTY Solo),THAMA,R&B,https://cdnimg.melon.co.kr/cm2/album/images/112/68/405/11268405_20230705135130_500.jpg/melon/resize/120/quality/80/optimize,Sentimental
귀로,Jayci yucca (제이씨 유카),R&B,https://cdnimg.melon.co.kr/cm/album/images/000/47/037/47037_500.jpg/melon/resize/120/quality/80/optimize,Sentimental
같은 시간 속의 너,dori,R&B,https://cdnimg.melon.co.kr/cm/album/images/023/02/870/2302870_500.jpg/melon/resize/120/quality/80/optimize,Sentimental
잊어버리지마 (Feat. 태연),10CM,R&B,https://cdnimg.melon.co.kr/cm/album/images/026/63/424/2663424_500.jpg/melon/resize/120/quality/80/optimize,Sentimental
Feel Like a Million,BIG Naughty (서동현),R&B,https://cdnimg.melon.co.kr/cm2/album/images/116/84/615/11684615_20250103135431_500.jpg/melon/resize/120/quality/80/optimize,Sentimental
밝게 빛나는 별이 되어 비춰줄게,KISS OF LIFE,R&B,https://cdnimg.melon.co.kr/cm2/album/images/105/40/298/10540298_20201229150823_500.jpg/melon/resize/120/quality/80/optimize,Sentimental
사랑이 잘 (With 오혁),나얼,R&B,https://cdnimg.melon.co.kr/cm/album/images/100/52/968/10052968_500.jpg/melon/resize/120/quality/80/optimize,Sentimental
연,나얼,R&B,https://cdnimg.melon.co.kr/cm/album/images/003/28/509/328509_500.jpg/melon/resize/120/quality/80/optimize,Sentimental
비,Crush,R&B,https://cdnimg.melon.co.kr/cm/album/images/026/92/501/2692501_500.jpg/melon/resize/120/quality/80/optimize,Sentimental
갖고놀래 (Feat. 다이나믹 듀오),BIG Naughty (서동현),R&B,https://cdnimg.melon.co.kr/cm/album/images/021/96/906/2196906_500.jpg/melon/resize/120/quality/80/optimize,Sentimental
GANADARA (Feat. 아이유),송이한,R&B,https://cdnimg.melon.co.kr/cm2/album/images/108/89/981/10889981_20220311110820_500.jpg/melon/resize/120/quality/80/optimize,Sentimental
"하나,둘 (Feat. 펀치 (Punch))",아이유,R&B,https://cdnimg.melon.co.kr/cm2/album/images/106/19/981/10619981_20210604120500_500.jpg/melon/resize/120/quality/80/optimize,Sentimental
와르르 ♥,빅마마,R&B,https://cdnimg.melon.co.kr/cm/album/images/102/92/745/10292745_500.jpg/melon/resize/120/quality/80/optimize,Sentimental
도망가자 (Run With Me),폴킴,R&B,https://cdnimg.melon.co.kr/cm2/album/images/103/64/036/10364036_20191212141529_500.jpg/melon/resize/120/quality/80/optimize,Sentimental
josee!,범키,R&B,https://cdnimg.melon.co.kr/cm/album/images/101/94/744/10194744_500.jpg/melon/resize/120/quality/80/optimize,Sentimental
Hurt,박재범,R&B,https://cdnimg.melon.co.kr/cm2/album/images/110/11/565/11011565_20220801102637_500.jpg/melon/resize/120/quality/80/optimize,Sentimental
"사랑이 죄야? (Feat. 10CM, B.I)",김승민,R&B,https://cdnimg.melon.co.kr/cm2/album/images/115/76/503/11576503_20240827114515_500.jpg/melon/resize/120/quality/80/optimize,Sentimental
내사람,Colde (콜드),R&B,https://cdnimg.melon.co.kr/cm/album/images/003/32/658/332658_500.jpg/melon/resize/120/quality/80/optimize,Sentimental
Rush Hour (Feat. j-hope of BTS),선우정아,R&B,https://cdnimg.melon.co.kr/cm2/album/images/110/62/364/11062364_20220922182518_500.jpg/melon/resize/120/quality/80/optimize,Sentimental
Polaroid Love,데이먼스 이어 (Damons year),R&B,https://cdnimg.melon.co.kr/cm2/album/images/108/37/317/10837317_20220110145758_500.jpg/melon/resize/120/quality/80/optimize,Sentimental
"낭만교향곡 (Feat. CHANGMO, 박재범)",NewJeans,R&B,https://cdnimg.melon.co.kr/cm2/album/images/109/79/115/10979115_20220609103712_500.jpg/melon/resize/120/quality/80/optimize,Sentimental
친구로 지내다 보면 (Feat. 김민석 of 멜로망스),KIXO (키조),R&B,https://cdnimg.melon.co.kr/cm2/album/images/111/59/047/11159047_20230127151002_500.jpg/melon/resize/120/quality/80/optimize,Sentimental
정말 사랑했을까,SG 워너비,R&B,https://cdnimg.melon.co.kr/cm/album/images/000/32/695/32695_500.jpg/melon/resize/120/quality/80/optimize,Sentimental
No Make Up,Crush,R&B,https://cdnimg.melon.co.kr/cm/album/images/026/44/221/2644221_500.jpg/melon/resize/120/quality/80/optimize,Sentimental
오늘 취하면 (Feat. 창모) (Prod. SUGA),엔하이픈 (ENHYPEN),R&B,https://cdnimg.melon.co.kr/cm/album/images/100/58/598/10058598_500.jpg/melon/resize/120/quality/80/optimize,Sentimental
ONLY,BIG Naughty (서동현),R&B,https://cdnimg.melon.co.kr/cm2/album/images/106/95/332/10695332_20210909134138_500.jpg/melon/resize/120/quality/80/optimize,Sentimental
이제 우리 꿈에서만 만나,BIG Naughty (서동현),R&B,https://cdnimg.melon.co.kr/cm2/album/images/111/28/810/11128810_20221220171354_500.jpg/melon/resize/120/quality/80/optimize,Sentimental
0310,브라운 아이드 소울,R&B,https://cdnimg.melon.co.kr/cm2/album/images/103/62/776/10362776_20191210144641_500.jpg/melon/resize/120/quality/80/optimize,Sentimental
그건 아마 우리의 잘못은 아닐 거야,Zion.T,R&B,https://cdnimg.melon.co.kr/cm/album/images/102/62/378/10262378_500.jpg/melon/resize/120/quality/80/optimize,Sentimental
삐삐,SURAN (수란),R&B,https://cdnimg.melon.co.kr/cm/album/images/102/10/535/10210535_500.jpg/melon/resize/120/quality/80/optimize,Sentimental
우주를 건너,이하이,R&B,https://cdnimg.melon.co.kr/cm/album/images/026/53/573/2653573_500.jpg/melon/resize/120/quality/80/optimize,Sentimental
양화대교,Yyeon,R&B,https://cdnimg.melon.co.kr/cm/album/images/022/82/942/2282942_500.jpg/melon/resize/120/quality/80/optimize,Sentimental
ABCD,백예린 (Yerin Baek),R&B,https://cdnimg.melon.co.kr/cm2/album/images/115/12/703/11512703_20240613174744_500.jpg/melon/resize/120/quality/80/optimize,Sentimental
MOVIE,백예린 (Yerin Baek),R&B,https://cdnimg.melon.co.kr/cm2/album/images/104/93/056/10493056_20200921115407_500.jpg/melon/resize/120/quality/80/optimize,Sentimental
Heart on the Window (with 웬디),아이유,R&B,https://cdnimg.melon.co.kr/cm2/album/images/116/25/591/11625591_20241115111127_500.jpg/melon/resize/120/quality/80/optimize,Sentimental
툭 꺼낸 말에는 오히려 거짓 없으니까,백예린 (Yerin Baek),R&B,https://cdnimg.melon.co.kr/cm2/album/images/116/56/177/11656177_20241202152036_500.jpg/melon/resize/120/quality/80/optimize,Sentimental
TOXIC,Zion.T,R&B,https://cdnimg.melon.co.kr/cm2/album/images/116/43/642/11643642_20241118100702_500.jpg/melon/resize/120/quality/80/optimize,Sentimental
데레,나연 (TWICE),R&B,https://cdnimg.melon.co.kr/cm2/album/images/116/40/875/11640875_20241113153610_500.jpg/melon/resize/120/quality/80/optimize,Sentimental
아무래도 난,JUNNY (주니),R&B,https://cdnimg.melon.co.kr/cm2/album/images/109/03/658/10903658_20220329185034_500.jpg/melon/resize/120/quality/80/optimize,Sentimental
For You (Feat. Crush),진,R&B,https://cdnimg.melon.co.kr/cm2/album/images/105/34/900/10534900_20201216114430_500.jpg/melon/resize/120/quality/80/optimize,Sentimental
DIE 4 YOU,Paul Blanco,R&B,https://cdnimg.melon.co.kr/cm2/album/images/113/68/146/11368146_20231117160158_500.jpg/melon/resize/120/quality/80/optimize,Sentimental
